-- phpMyAdmin SQL Dump
-- version 4.1.12
-- http://www.phpmyadmin.net
--
-- Host: localhost
-- Generation Time: Jun 01, 2015 at 09:30 AM
-- Server version: 5.5.36
-- PHP Version: 5.4.27

SET SQL_MODE = "NO_AUTO_VALUE_ON_ZERO";
SET time_zone = "+00:00";


/*!40101 SET @OLD_CHARACTER_SET_CLIENT=@@CHARACTER_SET_CLIENT */;
/*!40101 SET @OLD_CHARACTER_SET_RESULTS=@@CHARACTER_SET_RESULTS */;
/*!40101 SET @OLD_COLLATION_CONNECTION=@@COLLATION_CONNECTION */;
/*!40101 SET NAMES utf8 */;

--
-- Database: `sunset_main`
--

-- --------------------------------------------------------

--
-- Table structure for table `colours`
--

DROP TABLE IF EXISTS `colours`;
CREATE TABLE IF NOT EXISTS `colours` (
  `id` int(11) unsigned NOT NULL AUTO_INCREMENT,
  `colour_code` varchar(4) NOT NULL,
  `colour` varchar(36) NOT NULL,
  UNIQUE KEY `colour_id` (`id`)
) ENGINE=InnoDB  DEFAULT CHARSET=latin1 AUTO_INCREMENT=48 ;

--
-- Dumping data for table `colours`
--

INSERT INTO `colours` (`id`, `colour_code`, `colour`) VALUES
(1, '30', 'black'),
(2, '31', 'brown'),
(3, '32', 'grey'),
(4, '33', 'brown'),
(5, '34', 'burgundy'),
(6, '35', 'green'),
(7, '36', 'brown'),
(8, '60', 'grey-blue-black'),
(9, '61', 'brown'),
(10, '62', 'burgundy'),
(11, '54', 'brown'),
(12, '67', 'gold'),
(13, '68', 'gold'),
(14, '69', 'silver'),
(15, '200', 'rose'),
(16, '201', 'mahogany'),
(17, '202', 'blue-grey'),
(18, '203', 'brown'),
(19, '204', 'burgundy'),
(20, '205', 'blue-grey-black'),
(21, '206', 'green'),
(22, '207', 'green'),
(23, '208', 'brown'),
(24, '209', 'brown'),
(25, '210', 'brown'),
(26, '211', 'blue-black'),
(27, '90', 'grey-blue'),
(28, '96', 'brown'),
(29, '21', 'grey'),
(30, '22', 'rose'),
(31, '23', 'grey'),
(32, '24', 'green'),
(33, '25', 'brown'),
(34, '70', 'bronze'),
(35, '71', 'copper-pewter'),
(36, '50', 'plum'),
(37, '52', 'burgundy'),
(38, '55', 'orange'),
(39, '57', 'green'),
(40, '20', 'white'),
(41, 'R', 'raw'),
(42, '1A', 'gold-white'),
(43, '1B', 'gold-beige'),
(44, '2A', 'silver-white'),
(45, '0A', 'white'),
(46, '0B', 'beige'),
(47, '65', 'green');

-- --------------------------------------------------------

--
-- Table structure for table `fractions`
--

DROP TABLE IF EXISTS `fractions`;
CREATE TABLE IF NOT EXISTS `fractions` (
  `id` int(11) NOT NULL AUTO_INCREMENT,
  `fraction` varchar(35) NOT NULL,
  `dec` float NOT NULL,
  PRIMARY KEY (`id`),
  UNIQUE KEY `height_id` (`id`)
) ENGINE=InnoDB  DEFAULT CHARSET=latin1 AUTO_INCREMENT=19 ;

--
-- Dumping data for table `fractions`
--

INSERT INTO `fractions` (`id`, `fraction`, `dec`) VALUES
(1, '5/8', 0.625),
(2, '11/16', 0.6875),
(3, '3/4', 0.75),
(4, '13/16', 0.8125),
(5, '7/8', 0.875),
(6, '1', 1),
(7, '1 3/8', 1.375),
(8, '1 5/8', 1.625),
(9, '2', 2),
(10, '3 1/4', 3.25),
(11, '1 1/4', 1.25),
(12, '1 1/2', 1.5),
(13, '3/8', 0.375),
(14, '1/2', 0.5),
(15, '7/16', 0.4375),
(16, '1 1/8', 1.125),
(17, '2 3/4', 2.75),
(18, '9/16', 0.5625);

-- --------------------------------------------------------

--
-- Table structure for table `members`
--

DROP TABLE IF EXISTS `members`;
CREATE TABLE IF NOT EXISTS `members` (
  `user_id` int(11) unsigned NOT NULL AUTO_INCREMENT,
  `email` varchar(255) NOT NULL,
  `password` varchar(255) NOT NULL,
  `first_name` varchar(255) NOT NULL,
  `last_name` varchar(255) NOT NULL,
  `address_1` varchar(255) NOT NULL,
  `address_2` varchar(255) NOT NULL,
  `city` varchar(2555) NOT NULL,
  `province` varchar(6) NOT NULL,
  `postal_code` varchar(7) NOT NULL,
  `phone` varchar(20) NOT NULL,
  `newsletter` tinyint(2) NOT NULL DEFAULT '0',
  `access` varchar(10) NOT NULL,
  `last_login` datetime NOT NULL,
  PRIMARY KEY (`user_id`)
) ENGINE=InnoDB DEFAULT CHARSET=latin1 AUTO_INCREMENT=1 ;

-- --------------------------------------------------------

--
-- Table structure for table `migrations`
--

DROP TABLE IF EXISTS `migrations`;
CREATE TABLE IF NOT EXISTS `migrations` (
  `version` varchar(255) COLLATE utf8_unicode_ci NOT NULL
) ENGINE=InnoDB DEFAULT CHARSET=utf8 COLLATE=utf8_unicode_ci;

-- --------------------------------------------------------

--
-- Table structure for table `products`
--

DROP TABLE IF EXISTS `products`;
CREATE TABLE IF NOT EXISTS `products` (
  `id` int(11) unsigned NOT NULL AUTO_INCREMENT,
  `prof_id` int(11) NOT NULL,
  `code` int(5) NOT NULL,
  `colour_id` varchar(3) NOT NULL,
  `height_id` varchar(11) NOT NULL,
  `width` varchar(11) NOT NULL,
  `rabbet` varchar(11) NOT NULL,
  `qty` int(6) NOT NULL,
  `qty_price` float DEFAULT NULL,
  `list_price` float DEFAULT NULL,
  `special_price` float DEFAULT NULL,
  `available` tinyint(2) NOT NULL DEFAULT '1',
  `featured` tinyint(4) NOT NULL DEFAULT '0',
  `special` tinyint(4) NOT NULL DEFAULT '0',
  `img` varchar(200) NOT NULL,
  `img_lrg` varchar(200) NOT NULL,
  PRIMARY KEY (`id`)
) ENGINE=InnoDB  DEFAULT CHARSET=latin1 AUTO_INCREMENT=229 ;

--
-- Dumping data for table `products`
--

INSERT INTO `products` (`id`, `prof_id`, `code`, `colour_id`, `height_id`, `width`, `rabbet`, `qty`, `qty_price`, `list_price`, `special_price`, `available`, `featured`, `special`, `img`, `img_lrg`) VALUES
(1, 1, 6, '1', '5', '2', '13', 300, 1.58, 2.37, 0, 1, 0, 0, '', ''),
(2, 1, 6, '3', '5', '2', '13', 300, 1.58, 2.37, 0, 1, 0, 0, '', ''),
(3, 1, 6, '4', '5', '2', '13', 300, 1.58, 2.37, 0, 1, 0, 0, '', ''),
(4, 1, 6, '5', '5', '2', '13', 300, 1.58, 2.37, 0, 1, 0, 0, '', ''),
(5, 1, 6, '6', '5', '2', '13', 300, 1.58, 2.37, 0, 1, 0, 0, '', ''),
(6, 2, 12, '8', '5', '2.25', '13', 350, 2.34, 3.27, 0, 1, 0, 0, '', ''),
(7, 2, 12, '9', '5', '2.25', '13', 350, 2.34, 3.27, 0, 1, 0, 0, '', ''),
(8, 2, 12, '10', '5', '2.25', '13', 350, 2.34, 3.27, 0, 1, 0, 0, '', ''),
(9, 3, 8, '2', '6', '2', '1', 300, 1.9, 2.91, 0, 1, 0, 0, '', ''),
(10, 3, 8, '3', '6', '2', '1', 300, 1.9, 2.91, 0, 1, 0, 0, '', ''),
(11, 3, 8, '4', '6', '2', '1', 300, 1.9, 2.91, 0, 1, 0, 0, '', ''),
(12, 3, 8, '5', '6', '2', '1', 300, 1.9, 2.91, 0, 1, 0, 0, '', ''),
(13, 4, 3, '11', '5', '1', '14', 500, 1.46, 1.94, 0, 1, 0, 0, '', ''),
(14, 4, 7, '12', '5', '1', '14', 500, 1.89, 2.61, 0, 1, 0, 0, '', ''),
(15, 4, 7, '13', '5', '1', '14', 500, 1.89, 2.61, 0, 1, 0, 0, '', ''),
(16, 4, 7, '14', '5', '1', '14', 500, 1.89, 2.61, 0, 1, 0, 0, '', ''),
(17, 5, 3, '40', '4', '1', '15', 450, 1.29, 1.9, 0, 1, 0, 0, '', ''),
(18, 5, 3, '1', '4', '1', '15', 450, 1.29, 1.9, 0, 1, 0, 0, '', ''),
(19, 5, 3, '3', '4', '1', '15', 450, 1.29, 1.9, 0, 1, 0, 0, '', ''),
(20, 5, 3, '4', '4', '1', '15', 450, 1.29, 1.9, 0, 1, 0, 0, '', ''),
(21, 5, 3, '5', '4', '1', '15', 450, 1.29, 1.9, 0, 1, 0, 0, '', ''),
(22, 5, 3, '7', '4', '1', '15', 450, 1.29, 1.9, 0, 1, 0, 0, '', ''),
(23, 6, 4, '1', '4', '1.250', '1', 300, 1.37, 2.08, 0, 1, 0, 0, '', ''),
(24, 6, 4, '3', '4', '1.250', '1', 300, 1.37, 2.08, 0, 1, 0, 0, '', ''),
(25, 6, 4, '4', '4', '1.250', '1', 300, 1.37, 2.08, 0, 1, 0, 0, '', ''),
(26, 7, 16, '12', '8', '1.750', '16', 500, 2.82, 3.69, 0, 1, 0, 0, '', ''),
(27, 7, 16, '13', '8', '1.750', '16', 500, 2.82, 3.69, 0, 1, 0, 0, '', ''),
(28, 7, 16, '14', '8', '1.750', '16', 500, 2.82, 3.69, 0, 1, 0, 0, '', ''),
(29, 8, 8, '15', '7', '1.750', '1', 450, 1.9, 2.77, 0, 1, 0, 0, '', ''),
(30, 8, 8, '16', '7', '1.750', '1', 450, 1.9, 2.77, 0, 1, 0, 0, '', ''),
(31, 8, 8, '17', '7', '1.750', '1', 450, 1.9, 2.77, 0, 1, 0, 0, '', ''),
(32, 8, 8, '18', '7', '1.750', '1', 450, 1.9, 2.77, 0, 1, 0, 0, '', ''),
(33, 8, 8, '19', '7', '1.750', '1', 450, 1.9, 2.77, 0, 1, 0, 0, '', ''),
(34, 8, 8, '20', '7', '1.750', '1', 450, 1.9, 2.77, 0, 1, 0, 0, '', ''),
(35, 8, 8, '22', '7', '1.750', '1', 450, 1.9, 2.77, 0, 1, 0, 0, '', ''),
(36, 8, 11, '23', '7', '1.750', '1', 450, 2.62, 3.12, 0, 1, 0, 0, '', ''),
(37, 8, 11, '24', '7', '1.750', '1', 450, 2.62, 3.12, 0, 1, 0, 0, '', ''),
(38, 8, 11, '25', '7', '1.750', '1', 450, 2.62, 3.12, 0, 1, 0, 0, '', ''),
(39, 8, 11, '26', '7', '1.750', '1', 450, 2.62, 3.12, 0, 1, 0, 0, '', ''),
(40, 9, 5, '12', '6', '1.125', '2', 400, 1.68, 2.39, 0, 1, 0, 0, '', ''),
(41, 9, 5, '14', '6', '1.125', '2', 400, 1.68, 2.39, 0, 1, 0, 0, '', ''),
(42, 9, 5, '34', '6', '1.125', '2', 400, 1.68, 2.39, 0, 1, 0, 0, '', ''),
(43, 9, 5, '35', '6', '1.125', '2', 400, 1.68, 2.39, 0, 1, 0, 0, '', ''),
(44, 10, 10, '27', '6', '1.750', '14', 350, 2.03, 2.94, 0, 1, 0, 0, '', ''),
(45, 10, 10, '28', '6', '1.750', '14', 350, 2.03, 2.94, 0, 1, 0, 0, '', ''),
(46, 11, 3, '15', '3', '1.125', '14', 500, 1.29, 1.9, 0, 1, 0, 0, '', ''),
(47, 11, 3, '16', '3', '1.125', '14', 500, 1.29, 1.9, 0, 1, 0, 0, '', ''),
(48, 11, 3, '17', '3', '1.125', '14', 500, 1.29, 1.9, 0, 1, 0, 0, '', ''),
(49, 11, 3, '18', '3', '1.125', '14', 500, 1.29, 1.9, 0, 1, 0, 0, '', ''),
(50, 11, 3, '19', '3', '1.125', '14', 500, 1.29, 1.9, 0, 1, 0, 0, '', ''),
(51, 11, 3, '20', '3', '1.125', '14', 500, 1.29, 1.9, 0, 1, 0, 0, '', ''),
(52, 11, 3, '22', '3', '1.125', '14', 500, 1.29, 1.9, 0, 1, 0, 0, '', ''),
(53, 11, 5, '23', '3', '1.125', '14', 500, 1.69, 2.26, 0, 1, 0, 0, '', ''),
(54, 11, 5, '24', '3', '1.125', '14', 500, 1.69, 2.26, 0, 1, 0, 0, '', ''),
(55, 11, 5, '25', '3', '1.125', '14', 500, 1.69, 2.26, 0, 1, 0, 0, '', ''),
(56, 11, 5, '26', '3', '1.125', '14', 500, 1.69, 2.26, 0, 1, 0, 0, '', ''),
(57, 12, 5, '1', '4', '1', '14', 450, 1.58, 2.37, 0, 1, 0, 0, '', ''),
(58, 12, 5, '2', '4', '1', '14', 450, 1.58, 2.37, 0, 1, 0, 0, '', ''),
(59, 12, 5, '4', '4', '1', '14', 450, 1.58, 2.37, 0, 1, 0, 0, '', ''),
(60, 12, 7, '12', '4', '1', '14', 450, 1.93, 2.61, 0, 1, 0, 0, '', ''),
(61, 12, 7, '14', '4', '1', '14', 450, 1.93, 2.61, 0, 1, 0, 0, '', ''),
(62, 13, 11, '1', '4', '1.750', '14', 350, 2.14, 3.01, 0, 1, 0, 0, '', ''),
(63, 13, 11, '2', '4', '1.750', '14', 350, 2.14, 3.01, 0, 1, 0, 0, '', ''),
(64, 13, 11, '4', '4', '1.750', '14', 350, 2.14, 3.01, 0, 1, 0, 0, '', ''),
(65, 13, 16, '12', '4', '1.750', '14', 350, 2.82, 3.69, 0, 1, 0, 0, '', ''),
(66, 13, 16, '14', '4', '1.750', '14', 350, 2.82, 3.69, 0, 1, 0, 0, '', ''),
(67, 14, 15, '40', '6', '1.750', '14', 350, 1.9, 2.89, 0, 1, 0, 0, '', ''),
(68, 14, 10, '1', '6', '1.750', '14', 350, 1.9, 2.89, 0, 1, 0, 0, '', ''),
(69, 14, 10, '3', '6', '1.750', '14', 350, 1.9, 2.89, 0, 1, 0, 0, '', ''),
(70, 14, 10, '4', '6', '1.750', '14', 350, 1.9, 2.89, 0, 1, 0, 0, '', ''),
(71, 14, 10, '5', '6', '1.750', '14', 350, 1.9, 2.89, 0, 1, 0, 0, '', ''),
(72, 14, 10, '7', '6', '1.750', '14', 350, 1.9, 2.89, 0, 1, 0, 0, '', ''),
(73, 15, 15, '1', '10', '1', '17', 150, 2.95, 4.54, 0, 1, 0, 0, '', ''),
(74, 15, 15, '4', '10', '1', '17', 150, 2.95, 4.54, 0, 1, 0, 0, '', ''),
(75, 15, 15, '5', '10', '1', '17', 150, 2.95, 4.54, 0, 1, 0, 0, '', ''),
(76, 16, 10, '40', '6', '1.750', '3', 350, 1.9, 2.85, 0, 1, 0, 0, '', ''),
(77, 16, 10, '29', '6', '1.750', '3', 350, 1.9, 2.85, 0, 1, 0, 0, '', ''),
(78, 16, 10, '30', '6', '1.750', '3', 350, 1.9, 2.85, 0, 1, 0, 0, '', ''),
(79, 16, 10, '31', '6', '1.750', '3', 350, 1.9, 2.85, 0, 1, 0, 0, '', ''),
(80, 16, 10, '32', '6', '1.750', '3', 350, 1.9, 2.85, 0, 1, 0, 0, '', ''),
(81, 16, 10, '33', '6', '1.750', '3', 350, 1.9, 2.85, 0, 1, 0, 0, '', ''),
(82, 17, 3, '40', '3', '1.125', '14', 450, 1.29, 1.9, 0, 1, 0, 0, '', ''),
(83, 17, 3, '29', '3', '1.125', '14', 450, 1.29, 1.9, 0, 1, 0, 0, '', ''),
(84, 17, 3, '30', '3', '1.125', '14', 450, 1.29, 1.9, 0, 1, 0, 0, '', ''),
(85, 17, 3, '31', '3', '1.125', '14', 450, 1.29, 1.9, 0, 1, 0, 0, '', ''),
(86, 17, 3, '32', '3', '1.125', '14', 450, 1.29, 1.9, 0, 1, 0, 0, '', ''),
(87, 17, 3, '33', '3', '1.125', '14', 450, 1.29, 1.9, 0, 1, 0, 0, '', ''),
(88, 18, 11, '1', '9', '1', '8', 250, 2.29, 3.29, 0, 1, 0, 0, '', ''),
(89, 18, 11, '2', '9', '1', '8', 250, 2.29, 3.29, 0, 1, 0, 0, '', ''),
(90, 18, 11, '4', '9', '1', '8', 250, 2.29, 3.29, 0, 1, 0, 0, '', ''),
(91, 18, 11, '5', '9', '1', '8', 250, 2.29, 3.29, 0, 1, 0, 0, '', ''),
(92, 18, 11, '6', '9', '1', '8', 250, 2.29, 3.29, 0, 1, 0, 0, '', ''),
(93, 19, 12, '4', '11', '2.5', '1', 300, 2.23, 3.23, 0, 1, 0, 0, '', ''),
(94, 19, 12, '5', '11', '2.5', '1', 300, 2.23, 3.23, 0, 1, 0, 0, '', ''),
(95, 19, 12, '12', '11', '2.5', '1', 300, 2.23, 3.23, 0, 1, 0, 0, '', ''),
(96, 19, 12, '14', '11', '2.5', '1', 300, 2.23, 3.23, 0, 1, 0, 0, '', ''),
(97, 19, 12, '34', '11', '2.5', '1', 300, 2.23, 3.23, 0, 1, 0, 0, '', ''),
(98, 19, 12, '35', '11', '2.5', '1', 300, 2.23, 3.23, 0, 1, 0, 0, '', ''),
(99, 20, 4, '4', '6', '1.25', '14', 500, 1.48, 2.19, 0, 1, 0, 0, '', ''),
(100, 20, 4, '5', '6', '1.25', '14', 500, 1.48, 2.19, 0, 1, 0, 0, '', ''),
(101, 20, 4, '12', '6', '1.25', '14', 500, 1.48, 2.19, 0, 1, 0, 0, '', ''),
(102, 20, 4, '14', '6', '1.25', '14', 500, 1.48, 2.19, 0, 1, 0, 0, '', ''),
(103, 20, 4, '34', '6', '1.25', '14', 500, 1.48, 2.19, 0, 1, 0, 0, '', ''),
(104, 20, 4, '35', '6', '1.25', '14', 500, 1.48, 2.19, 0, 1, 0, 0, '', ''),
(105, 21, 12, '18', '6', '2.25', '18', 350, 2.01, 3.01, 0, 1, 0, 0, '', ''),
(106, 21, 12, '19', '6', '2.25', '18', 350, 2.01, 3.01, 0, 1, 0, 0, '', ''),
(107, 21, 12, '20', '6', '2.25', '18', 350, 2.01, 3.01, 0, 1, 0, 0, '', ''),
(108, 21, 12, '22', '6', '2.25', '18', 350, 2.01, 3.01, 0, 1, 0, 0, '', ''),
(109, 21, 16, '4', '6', '2.25', '18', 350, 2.14, 3.12, 0, 1, 0, 0, '', ''),
(110, 21, 16, '5', '6', '2.25', '18', 350, 2.14, 3.12, 0, 1, 0, 0, '', ''),
(111, 21, 16, '6', '6', '2.25', '18', 350, 2.14, 3.12, 0, 1, 0, 0, '', ''),
(112, 21, 17, '12', '6', '2.25', '18', 350, 2.56, 4.01, 0, 1, 0, 0, '', ''),
(113, 21, 17, '14', '6', '2.25', '18', 350, 2.56, 4.01, 0, 1, 0, 0, '', ''),
(114, 22, 4, '18', '3', '1.25', '13', 450, 1.48, 2.19, 0, 1, 0, 0, '', ''),
(115, 22, 4, '19', '3', '1.25', '13', 450, 1.48, 2.19, 0, 1, 0, 0, '', ''),
(116, 22, 4, '20', '3', '1.25', '13', 450, 1.48, 2.19, 0, 1, 0, 0, '', ''),
(117, 22, 4, '22', '3', '1.25', '13', 450, 1.48, 2.19, 0, 1, 0, 0, '', ''),
(118, 22, 7, '4', '3', '1.25', '13', 450, 1.6, 2.37, 0, 1, 0, 0, '', ''),
(119, 22, 7, '5', '3', '1.25', '13', 450, 1.6, 2.37, 0, 1, 0, 0, '', ''),
(120, 22, 7, '6', '3', '1.25', '13', 450, 1.6, 2.37, 0, 1, 0, 0, '', ''),
(121, 22, 8, '12', '3', '1.25', '13', 450, 1.79, 2.8, 0, 1, 0, 0, '', ''),
(122, 22, 8, '14', '3', '1.25', '13', 450, 1.79, 2.8, 0, 1, 0, 0, '', ''),
(123, 23, 2, '1', '1', '1', '13', 500, 1.18, 1.9, 0, 1, 0, 0, '', ''),
(124, 23, 2, '4', '1', '1', '13', 500, 1.18, 1.9, 0, 1, 0, 0, '', ''),
(125, 23, 2, '5', '1', '1', '13', 500, 1.18, 1.9, 0, 1, 0, 0, '', ''),
(126, 23, 2, '6', '1', '1', '13', 500, 1.18, 1.9, 0, 1, 0, 0, '', ''),
(127, 23, 2, '13', '1', '1', '13', 500, 1.18, 1.9, 0, 1, 0, 0, '', ''),
(132, 25, 8, '8', '4', '1.75', '14', 450, 1.48, 1.94, 0, 1, 0, 0, '', ''),
(133, 26, 3, '36', '3', '1', '13', 500, 1.29, 1.9, 0, 1, 0, 0, '', ''),
(134, 26, 3, '37', '3', '1', '13', 500, 1.29, 1.9, 0, 1, 0, 0, '', ''),
(135, 26, 3, '38', '3', '1', '13', 500, 1.29, 1.9, 0, 1, 0, 0, '', ''),
(136, 26, 3, '39', '3', '1', '13', 500, 1.29, 1.9, 0, 1, 0, 0, '', ''),
(137, 27, 10, '10', '6', '2', '3', 450, 1.9, 2.91, 0, 1, 0, 0, '', ''),
(138, 27, 10, '47', '6', '2', '3', 450, 1.9, 2.91, 0, 1, 0, 0, '', ''),
(139, 27, 10, '12', '6', '2', '3', 450, 1.9, 2.91, 0, 1, 0, 0, '', ''),
(140, 27, 10, '14', '6', '2', '3', 450, 1.9, 2.91, 0, 1, 0, 0, '', ''),
(141, 28, 9, '13', '5', '2', '14', 350, 1.9, 2.91, 0, 1, 0, 0, '', ''),
(142, 28, 9, '14', '5', '2', '14', 350, 1.9, 2.91, 0, 1, 0, 0, '', ''),
(143, 28, 9, '35', '5', '2', '14', 350, 1.9, 2.91, 0, 1, 0, 0, '', ''),
(144, 29, 4, '13', '3', '1.25', '13', 500, 1.48, 2.19, 0, 1, 0, 0, '', ''),
(145, 29, 4, '14', '3', '1.25', '13', 500, 1.48, 2.19, 0, 1, 0, 0, '', ''),
(146, 29, 4, '35', '3', '1.25', '13', 500, 1.48, 2.19, 0, 1, 0, 0, '', ''),
(147, 30, 12, '29', '6', '2.25', '14', 350, 2.01, 3.01, 0, 1, 0, 0, '', ''),
(148, 30, 12, '30', '6', '2.25', '14', 350, 2.01, 3.01, 0, 1, 0, 0, '', ''),
(149, 30, 12, '32', '6', '2.25', '14', 350, 2.01, 3.01, 0, 1, 0, 0, '', ''),
(150, 31, 14, '12', '11', '2', '14', 200, 2.56, 4.01, 0, 1, 0, 0, '', ''),
(151, 31, 14, '14', '11', '2', '14', 200, 2.56, 4.01, 0, 1, 0, 0, '', ''),
(152, 32, 10, '4', '6', '2.375', '14', 300, 2.01, 3.01, 0, 1, 0, 0, '', ''),
(153, 32, 10, '5', '6', '2.375', '14', 300, 2.01, 3.01, 0, 1, 0, 0, '', ''),
(154, 32, 10, '7', '6', '2.375', '14', 300, 2.01, 3.01, 0, 1, 0, 0, '', ''),
(155, 33, 7, '3', '6', '1.5', '1', 350, 1.69, 2.57, 0, 1, 0, 0, '', ''),
(156, 33, 7, '4', '6', '1.5', '1', 350, 1.69, 2.57, 0, 1, 0, 0, '', ''),
(157, 33, 7, '5', '6', '1.5', '1', 350, 1.69, 2.57, 0, 1, 0, 0, '', ''),
(158, 33, 7, '7', '6', '1.5', '1', 350, 1.69, 2.57, 0, 1, 0, 0, '', ''),
(159, 34, 10, '3', '11', '1.75', '14', 250, 2.01, 3.01, 0, 1, 0, 0, '', ''),
(160, 34, 10, '4', '11', '1.75', '14', 250, 2.01, 3.01, 0, 1, 0, 0, '', ''),
(161, 34, 10, '5', '11', '1.75', '14', 250, 2.01, 3.01, 0, 1, 0, 0, '', ''),
(162, 34, 10, '12', '11', '1.75', '14', 250, 2.01, 3.01, 0, 1, 0, 0, '', ''),
(163, 34, 10, '14', '11', '1.75', '14', 250, 2.01, 3.01, 0, 1, 0, 0, '', ''),
(164, 35, 14, '3', '11', '3', '1', 150, 2.5, 3.55, 0, 1, 0, 0, '', ''),
(165, 35, 14, '4', '11', '3', '1', 150, 2.5, 3.55, 0, 1, 0, 0, '', ''),
(166, 35, 14, '5', '11', '3', '1', 150, 2.5, 3.55, 0, 1, 0, 0, '', ''),
(167, 35, 14, '12', '11', '3', '1', 150, 2.5, 3.55, 0, 1, 0, 0, '', ''),
(168, 35, 14, '14', '11', '3', '1', 150, 2.5, 3.55, 0, 1, 0, 0, '', ''),
(169, 36, 8, '3', '6', '1.75', '14', 350, 1.79, 2.8, 0, 1, 0, 0, '', ''),
(170, 36, 8, '4', '6', '1.75', '14', 350, 1.79, 2.8, 0, 1, 0, 0, '', ''),
(171, 36, 8, '5', '6', '1.75', '14', 350, 1.79, 2.8, 0, 1, 0, 0, '', ''),
(172, 36, 8, '6', '6', '1.75', '14', 350, 1.79, 2.8, 0, 1, 0, 0, '', ''),
(173, 36, 8, '12', '6', '1.75', '14', 350, 1.79, 2.8, 0, 1, 0, 0, '', ''),
(174, 36, 8, '14', '6', '1.75', '14', 350, 1.79, 2.8, 0, 1, 0, 0, '', ''),
(175, 37, 12, '3', '6', '2.5', '1', 250, 2.01, 3.01, 0, 1, 0, 0, '', ''),
(176, 37, 12, '4', '6', '2.5', '1', 250, 2.01, 3.01, 0, 1, 0, 0, '', ''),
(177, 37, 12, '5', '6', '2.5', '1', 250, 2.01, 3.01, 0, 1, 0, 0, '', ''),
(178, 37, 12, '7', '6', '2.5', '1', 250, 2.01, 3.01, 0, 1, 0, 0, '', ''),
(179, 38, 6, '1', '6', '2', '14', 350, 1.69, 2.37, 0, 1, 0, 0, '', ''),
(180, 38, 6, '4', '6', '2', '14', 350, 1.69, 2.37, 0, 1, 0, 0, '', ''),
(181, 38, 6, '5', '6', '2', '14', 350, 1.69, 2.37, 0, 1, 0, 0, '', ''),
(182, 38, 6, '12', '6', '2', '14', 350, 1.69, 2.37, 0, 1, 0, 0, '', ''),
(183, 38, 6, '14', '6', '2', '14', 350, 1.69, 2.37, 0, 1, 0, 0, '', ''),
(184, 39, 6, '1', '6', '1.75', '1', 350, 1.69, 2.37, 0, 1, 0, 0, '', ''),
(185, 39, 6, '4', '6', '1.75', '1', 350, 1.69, 2.37, 0, 1, 0, 0, '', ''),
(186, 39, 6, '5', '6', '1.75', '1', 350, 1.69, 2.37, 0, 1, 0, 0, '', ''),
(187, 39, 6, '7', '6', '1.75', '1', 350, 1.69, 2.37, 0, 1, 0, 0, '', ''),
(188, 40, 4, '1', '1', '1.25', '13', 500, 1.29, 1.9, 0, 1, 0, 0, '', ''),
(189, 40, 4, '12', '1', '1.25', '13', 500, 1.29, 1.9, 0, 1, 0, 0, '', ''),
(190, 40, 4, '14', '1', '1.25', '13', 500, 1.29, 1.9, 0, 1, 0, 0, '', ''),
(191, 41, 1, '40', '1', '.75', '14', 300, 0.96, 1.35, 0, 1, 0, 0, '', ''),
(192, 41, 1, '1', '1', '.75', '14', 300, 0.96, 1.35, 0, 1, 0, 0, '', ''),
(193, 42, 8, '36', '6', '1.75', '1', 300, 1.52, 1.83, 0, 1, 0, 0, '', ''),
(194, 42, 8, '4', '6', '1.75', '1', 300, 1.52, 1.83, 0, 1, 0, 0, '', ''),
(195, 42, 8, '5', '6', '1.75', '1', 300, 1.52, 1.83, 0, 1, 0, 0, '', ''),
(196, 42, 8, '37', '6', '1.75', '1', 300, 1.52, 1.83, 0, 1, 0, 0, '', ''),
(197, 42, 8, '8', '6', '1.75', '1', 300, 1.52, 1.83, 0, 1, 0, 0, '', ''),
(198, 42, 8, '13', '6', '1.75', '1', 300, 1.52, 1.83, 0, 1, 0, 0, '', ''),
(199, 43, 2, '41', '12', '1', '1', 350, 0.96, 1.37, 0, 1, 0, 0, '', ''),
(200, 43, 5, '1', '12', '1', '1', 350, 1.37, 2.15, 0, 1, 0, 0, '', ''),
(201, 44, 8, '1', '9', '1', '12', 250, 1.5, 2.58, 0, 1, 0, 0, '', ''),
(202, 44, 3, '41', '9', '1', '12', 250, 1.07, 1.48, 0, 1, 0, 0, '', ''),
(203, 49, 16, '45', '2', '3.25', '14', 0, 0, 0, 0, 1, 0, 0, '', ''),
(204, 49, 16, '46', '2', '3.25', '14', 0, 0, 0, 0, 1, 0, 0, '', ''),
(205, 49, 16, '42', '2', '3.25', '14', 0, 0, 0, 0, 1, 0, 0, '', ''),
(206, 49, 16, '43', '2', '3.25', '14', 0, 0, 0, 0, 1, 0, 0, '', ''),
(207, 49, 16, '44', '2', '3.25', '14', 0, 0, 0, 0, 1, 0, 0, '', ''),
(208, 49, 14, '45', '2', '2.25', '14', 0, 0, 0, 0, 1, 0, 0, '', ''),
(209, 49, 14, '46', '2', '2.25', '14', 0, 0, 0, 0, 1, 0, 0, '', ''),
(210, 49, 14, '42', '2', '2.25', '14', 0, 0, 0, 0, 1, 0, 0, '', ''),
(211, 49, 14, '43', '2', '2.25', '14', 0, 0, 0, 0, 1, 0, 0, '', ''),
(212, 49, 14, '44', '2', '2.25', '14', 0, 0, 0, 0, 1, 0, 0, '', ''),
(213, 45, 2, '42', '3', '1.25', '13', 500, 1.3, 1.84, 0, 1, 0, 0, '', ''),
(214, 45, 2, '43', '3', '1.25', '13', 500, 1.3, 1.84, 0, 1, 0, 0, '', ''),
(215, 45, 2, '44', '3', '1.25', '13', 500, 1.3, 1.84, 0, 1, 0, 0, '', ''),
(216, 45, 4, '42', '3', '1.75', '13', 500, 1.5, 2.08, 0, 1, 0, 0, '', ''),
(217, 45, 4, '43', '3', '1.75', '14', 500, 1.5, 2.08, 0, 1, 0, 0, '', ''),
(218, 45, 4, '44', '3', '1.75', '14', 500, 1.5, 2.08, 0, 1, 0, 0, '', ''),
(219, 45, 10, '42', '3', '2.75', '13', 300, 1.9, 2.77, 0, 1, 0, 0, '', ''),
(220, 45, 10, '43', '3', '2.75', '13', 300, 1.9, 2.77, 0, 1, 0, 0, '', ''),
(221, 45, 10, '44', '3', '2.75', '13', 300, 1.9, 2.77, 0, 1, 0, 0, '', ''),
(222, 46, 0, '0', '3', '.75', '14', 600, 0.97, 1.45, 0, 1, 0, 0, '', ''),
(223, 46, 0, '1', '3', '.75', '14', 600, 0.97, 1.45, 0, 1, 0, 0, '', ''),
(224, 46, 0, '2', '3', '.75', '14', 600, 0.97, 1.45, 0, 1, 0, 0, '', ''),
(225, 47, 99, '41', '3', '1.75', '0', 1000, 0.54, 0.82, 0, 1, 0, 0, '', ''),
(226, 48, 4, '41', '11', '1.75', '0', 1000, 0.96, 1.32, 0, 1, 0, 0, '', ''),
(227, 24, 0, '36', '0', '0', '0', 0, NULL, NULL, NULL, 1, 0, 0, '', ''),
(228, 24, 0, '37', '0', '0', '0', 0, NULL, NULL, NULL, 1, 0, 0, '', '');

-- --------------------------------------------------------

--
-- Table structure for table `profiles`
--

DROP TABLE IF EXISTS `profiles`;
CREATE TABLE IF NOT EXISTS `profiles` (
  `id` int(10) unsigned NOT NULL AUTO_INCREMENT,
  `name` varchar(6) NOT NULL,
  `available` tinyint(1) NOT NULL DEFAULT '1',
  PRIMARY KEY (`id`),
  UNIQUE KEY `prof_id` (`id`)
) ENGINE=InnoDB  DEFAULT CHARSET=latin1 AUTO_INCREMENT=50 ;

--
-- Dumping data for table `profiles`
--

INSERT INTO `profiles` (`id`, `name`, `available`) VALUES
(1, 'ss4', 1),
(2, 'ss5', 1),
(3, 'ss7', 1),
(4, 'ss9', 1),
(5, 'ss10', 1),
(6, 'ss14', 1),
(7, 'ss15', 1),
(8, 'ss16', 1),
(9, 'ss17', 1),
(10, 'ss18', 1),
(11, 'ss21', 1),
(12, 'ss27', 1),
(13, 'ss32', 1),
(14, 'ss35', 1),
(15, 'ss40', 1),
(16, 'ss46', 1),
(17, 'ss47', 1),
(18, 'ss48', 1),
(19, 'ss50', 1),
(20, 'ss51', 1),
(21, 'ss53', 1),
(22, 'ss54', 1),
(23, 'ss62', 1),
(24, 'ss64', 0),
(25, 'ss66', 1),
(26, 'ss67', 1),
(27, 'ss68', 1),
(28, 'ss69', 1),
(29, 'ss70', 1),
(30, 'ss73', 1),
(31, 'ss78', 1),
(32, 'ss82', 1),
(33, 'ss84', 1),
(34, 'ss89', 1),
(35, 'ss91', 1),
(36, 'ss92', 1),
(37, 'ss94', 1),
(38, 'ss96', 1),
(39, 'ss97', 1),
(40, 'qm5', 1),
(41, 'qm6', 1),
(42, 'qm20', 1),
(43, 'qm23', 1),
(44, 'qm24', 1),
(45, 'sl2', 1),
(46, 'sl4', 0),
(47, 'st01', 1),
(48, 'st04', 1),
(49, 'sml', 1);

-- --------------------------------------------------------

--
-- Table structure for table `rabbets`
--

DROP TABLE IF EXISTS `rabbets`;
CREATE TABLE IF NOT EXISTS `rabbets` (
  `id` int(11) NOT NULL AUTO_INCREMENT,
  `rabbet` varchar(35) NOT NULL,
  PRIMARY KEY (`id`),
  UNIQUE KEY `rabbet_id` (`id`)
) ENGINE=InnoDB DEFAULT CHARSET=latin1 AUTO_INCREMENT=1 ;

-- --------------------------------------------------------

--
-- Table structure for table `widths`
--

DROP TABLE IF EXISTS `widths`;
CREATE TABLE IF NOT EXISTS `widths` (
  `id` int(11) unsigned NOT NULL,
  `width` varchar(35) NOT NULL
) ENGINE=InnoDB DEFAULT CHARSET=latin1;

/*!40101 SET CHARACTER_SET_CLIENT=@OLD_CHARACTER_SET_CLIENT */;
/*!40101 SET CHARACTER_SET_RESULTS=@OLD_CHARACTER_SET_RESULTS */;
/*!40101 SET COLLATION_CONNECTION=@OLD_COLLATION_CONNECTION */;
